{
  "providers": [
	{
      "type": "bitmap",
      "file": "minecraft:textures/custom_images/server/admin.png",
      "ascent": 8,
      "height": 8,
      "chars": ["\uE000"]
    },
	{
      "type": "bitmap",
      "file": "minecraft:textures/custom_images/server/mascot.png",
      "ascent": 8,
      "height": 8,
      "chars": ["\uE001"]
    },
	{
      "type": "bitmap",
      "file": "minecraft:textures/custom_images/image.png",
      "ascent": 8,
      "height": 8,
      "chars": ["\uE002"]
    }
  ]
}